care_site_id,care_site_name,place_of_service_concept_id,location_id,care_site_source_value,place_of_service_source_value
732927465,Healthcare Organization 74ab949d,0,,74ab949d-17ac-3309-83a0-13b4405c66aa,
2082738427,Healthcare Organization 588f6ce6,0,,588f6ce6-b8db-3588-8189-29db2680a313,
17327185,Healthcare Organization b6398e07,0,,b6398e07-4967-31a5-807f-380039a1f303,
723348256,Healthcare Organization faffaf6a,0,,faffaf6a-ee1a-3673-b0b0-421a9c249244,
879750465,Healthcare Organization e09d4c49,0,,e09d4c49-c2ef-3b0f-9a46-3719d9219306,
2104362584,Healthcare Organization e76b5eb0,0,,e76b5eb0-0c9d-3593-b5da-3c0e9a97bb96,
1054286254,Healthcare Organization 77645e49,0,,77645e49-3f69-3d1d-bb93-dc65210e2fac,
1263731270,Healthcare Organization d2284f74,0,,d2284f74-b6da-3a15-9791-84cdf2db18fb,
1531058475,Healthcare Organization 03d0392a,0,,03d0392a-7361-32b3-81c9-8c8ac985be00,
1443072579,Healthcare Organization 2f4e1b5e,0,,2f4e1b5e-e2ad-3081-80f5-4521124e9d28,
1209448102,Healthcare Organization 2936ca90,0,,2936ca90-6594-357d-be14-53fe0ab84dd1,
1188704256,Healthcare Organization e3089df2,0,,e3089df2-a1db-372a-b660-30392d8c197b,
459612816,Healthcare Organization 42d4b607,0,,42d4b607-f14d-370a-818e-40965685776c,
1173618735,Healthcare Organization f736c0f5,0,,f736c0f5-6d39-3e26-8ac1-39e1fc60dfbe,
791869324,Healthcare Organization af2d050e,0,,af2d050e-91a7-3acb-8b27-0bf6a259645e,
326224619,Healthcare Organization 71472d9b,0,,71472d9b-aa5c-3b49-a5c3-d0eee8859015,
168337375,Healthcare Organization 88e28a1c,0,,88e28a1c-aad9-36d0-832b-b579ecb95c3d,
1334527692,Healthcare Organization 4cf79e95,0,,4cf79e95-2815-3a4c-a3b8-951fe548dd27,
1890557848,Healthcare Organization 65450d34,0,,65450d34-6d61-3601-b325-9d471587b016,
650368011,Healthcare Organization 0c8cc36b,0,,0c8cc36b-3025-37ad-b7ab-50ea3aeea5a8,
2038675257,Healthcare Organization 3f4167a5,0,,3f4167a5-1477-35da-a456-fc05c8858aa7,
562594049,Healthcare Organization 75f0d4cd,0,,75f0d4cd-dbbb-3037-b6ad-2e99665728c7,
738848536,Healthcare Organization 39104cad,0,,39104cad-5228-3e07-9b3e-3ad736b33d5d,
1133599586,Healthcare Organization a3a72023,0,,a3a72023-3f37-3d77-be82-62085a912993,
1178265261,Healthcare Organization 1311c44a,0,,1311c44a-85cb-3aea-a143-e5d7892ced8b,
273588428,Healthcare Organization 817a1428,0,,817a1428-2045-3e89-9fa2-ef7d287d6fa5,
1428059526,Healthcare Organization 4bf8af75,0,,4bf8af75-4da2-331d-b94e-9975a887face,
339465329,Healthcare Organization 9a9bf61e,0,,9a9bf61e-44d3-32fd-a027-7138369b1716,
1744047513,Healthcare Organization f945589f,0,,f945589f-88aa-366b-9e9d-2418d091112d,
2023787412,Healthcare Organization 643eac8e,0,,643eac8e-1620-3b6a-b9f3-664b003d22cd,
740033158,Healthcare Organization 5fcff9db,0,,5fcff9db-16e4-3e56-aa78-abbc16338097,
1746305415,Healthcare Organization 40c01d75,0,,40c01d75-1542-3e0b-8e5f-78d3031beba1,
2096813114,Healthcare Organization 84abfbd5,0,,84abfbd5-41c1-3df4-9b31-7ca93cb2309a,
2032554936,Healthcare Organization 2617efb0,0,,2617efb0-1afe-3c9c-afbe-2ca94f9c198c,
1655422705,Healthcare Organization 93c3d861,0,,93c3d861-e05d-33b9-91eb-1768470229d7,
624690267,Healthcare Organization c272e12f,0,,c272e12f-e154-3fee-b05d-b7c0cab2657d,
118447987,Healthcare Organization 8d0f0e66,0,,8d0f0e66-b1dc-37fd-8b4e-0dcb6b3b446e,
1478370958,Healthcare Organization f6a306cf,0,,f6a306cf-7bd6-35f4-a6b7-2d07d273914c,
2137789922,Healthcare Organization 1e3ca321,0,,1e3ca321-fbbb-3546-b9ea-c3761a20324a,
189872888,Healthcare Organization 764bf964,0,,764bf964-6ab7-30eb-885b-3d713ca43265,
1614598951,Healthcare Organization 5f7663da,0,,5f7663da-4b19-3629-b8f2-fb07d75421d9,
1927356726,Healthcare Organization 5fa5e611,0,,5fa5e611-be3d-3ebb-8f71-124325f6005f,
1478287252,Healthcare Organization bb3d48eb,0,,bb3d48eb-0c30-34f4-8950-790fc984741b,
404324285,Healthcare Organization bf556284,0,,bf556284-7513-3620-a10e-5393183a9a87,
1221141408,Healthcare Organization 9fd71acd,0,,9fd71acd-3535-353d-975f-ed7dbf5f9961,
753766078,Healthcare Organization e93b27a8,0,,e93b27a8-6507-3595-84a5-f899ce23a72d,
1775969277,Healthcare Organization 2b84e56e,0,,2b84e56e-08b4-3078-b3ea-4d159208e065,
672903222,Healthcare Organization 4ffa4412,0,,4ffa4412-1493-3beb-b8f0-6614dde953a4,
892316928,Healthcare Organization ede4a423,0,,ede4a423-6258-3ef5-b5ba-0fa6bb579563,
1162490092,Healthcare Organization 69eae27b,0,,69eae27b-7445-3652-bd34-b535abe0b011,
103871261,Healthcare Organization dd9914b0,0,,dd9914b0-9491-3330-a890-d34e95e497ea,
2132590364,Healthcare Organization b6eeaaf7,0,,b6eeaaf7-1683-3bcb-b6ee-81ce304636ef,
1999435826,Healthcare Organization ed5fc1f7,0,,ed5fc1f7-0ecb-3973-a5fc-89f80c6f5c9f,
294651823,Healthcare Organization 12dc66ee,0,,12dc66ee-e2c7-3d5a-892e-157ff1d47f32,
1511031880,Healthcare Organization 65eda534,0,,65eda534-1bdc-3192-8d02-1c3764447790,
715953219,Healthcare Organization d613e441,0,,d613e441-68e8-3502-8adb-3f770a1276bf,
2025234246,Healthcare Organization de29a374,0,,de29a374-221b-3cb4-8051-a02c1a35e5b7,
1850532478,Healthcare Organization b03b624d,0,,b03b624d-c939-3688-986d-9555b8009a3b,
2136834379,Healthcare Organization ff6d901b,0,,ff6d901b-6850-378b-87d0-97a8c499aa43,
1647466118,Healthcare Organization ea153d0a,0,,ea153d0a-9ccc-3769-9a25-934b417071b7,
1867799299,Healthcare Organization d3085315,0,,d3085315-9893-34c7-8889-3a31dc17c2b0,
1482169850,Healthcare Organization ace1ac31,0,,ace1ac31-036a-38fd-b451-b3b87157c717,
13733708,Healthcare Organization 18061fd5,0,,18061fd5-fda8-3e2d-87f0-0f3c87211bcc,
1836295657,Healthcare Organization c64c848c,0,,c64c848c-0315-3115-87fa-80c360bb6a73,
1228272456,Healthcare Organization 2d368a24,0,,2d368a24-7410-3be2-ab17-da96581aabad,
2094692240,Healthcare Organization 4633340c,0,,4633340c-c833-30a3-ab0e-f5cfa5fda28b,
926286489,Healthcare Organization 20e0567a,0,,20e0567a-b9bf-3dd8-92b3-6a61b5628069,
119007258,Healthcare Organization 7e97f720,0,,7e97f720-f99d-3402-98a4-a144aaa5bd01,
1837576900,Healthcare Organization 811cc811,0,,811cc811-0061-341c-a719-9ba7ef8dc699,
1465320435,Healthcare Organization 084b19be,0,,084b19be-a78e-3626-b156-a50134fa7fe2,
1497765388,Healthcare Organization acffdfa8,0,,acffdfa8-1383-3929-8c99-e73969491439,
10576535,Healthcare Organization 545dcda5,0,,545dcda5-7471-374e-9251-b4b685197d3c,
1093914537,Healthcare Organization 1e11392b,0,,1e11392b-1278-3e70-93cd-f396cbd0c265,
1081416114,Healthcare Organization 00fde0ed,0,,00fde0ed-5951-3b9f-8413-0f25f85a8d4f,
1029666910,Healthcare Organization 6cf8a214,0,,6cf8a214-8d57-3267-85e5-7719e15cd63e,
562452072,Healthcare Organization 4bc0cc09,0,,4bc0cc09-77e5-37f5-844d-64a6637cae54,
2073519104,Healthcare Organization b4e81d20,0,,b4e81d20-a3d6-39db-8b04-bcc4ab5de7b2,
405038947,Healthcare Organization 0fedae9f,0,,0fedae9f-701f-3317-9b2f-69aea2202cdc,
1603815718,Healthcare Organization 9043e647,0,,9043e647-568d-3e87-9fc0-756a416392d3,
2064539156,Healthcare Organization 4b7c1695,0,,4b7c1695-a178-3e03-8651-51acfd3b8372,
1647422686,Healthcare Organization a3327df4,0,,a3327df4-d092-350b-b551-e60c82076c9a,
1773404366,Healthcare Organization aade280a,0,,aade280a-3b90-3e48-9648-91109a964a63,
1438075504,Healthcare Organization 981338c4,0,,981338c4-287c-3621-bc45-8b0b9f1b8922,
226211003,Healthcare Organization e59fb2d5,0,,e59fb2d5-508c-38c6-af2e-21d8216dd2b0,
1825121704,Healthcare Organization 84de2bcf,0,,84de2bcf-1b1a-3ce2-9f6d-9e0cb34991f6,
749186124,Healthcare Organization ecadbc11,0,,ecadbc11-930c-3903-b706-f8ef4bc9089e,
1376294859,Healthcare Organization 0f9d1260,0,,0f9d1260-db33-3483-b2b6-5483cfcb739c,
1652009483,Healthcare Organization a8679bce,0,,a8679bce-06b4-30a1-81de-83c4a503cbc5,
1721855627,Healthcare Organization 980d9bfa,0,,980d9bfa-a344-3bff-8c02-232dd0e8fd34,
604249598,Healthcare Organization f480acd0,0,,f480acd0-7ef1-350d-aae6-d8e7d53ace57,
2068528399,Healthcare Organization 440fa4b8,0,,440fa4b8-c731-3cf5-81d9-aa3f30a37b95,
767001503,Healthcare Organization 0fab3c4e,0,,0fab3c4e-a028-39a6-b15a-be5a88b6aa2a,
2136519775,Healthcare Organization 3b021cb6,0,,3b021cb6-4745-3d9d-8436-230055f770bd,
2020644917,Healthcare Organization 7b95b4ab,0,,7b95b4ab-5bb6-3abc-b0e5-02689f84228d,
363226807,Healthcare Organization 86880e58,0,,86880e58-8753-3c63-b057-33781df70528,
1140839591,Healthcare Organization 83f59b06,0,,83f59b06-c094-345b-afae-856f22c1ac2c,
582947879,Healthcare Organization 34f0b10a,0,,34f0b10a-5e29-31de-a75e-e0bb03c0c0d4,
861942502,Healthcare Organization 929d7ec5,0,,929d7ec5-3ee7-35ab-a056-91f60788c234,
1975439564,Healthcare Organization e9a24be5,0,,e9a24be5-b0a3-3fd2-a606-dd13498024ea,
1873041606,Healthcare Organization 545ea18f,0,,545ea18f-060c-389b-98f8-b6943979c207,
624583188,Healthcare Organization 57e4e5fa,0,,57e4e5fa-d68d-3caa-a5ad-37beb1b51207,
253758615,Healthcare Organization 05b2593e,0,,05b2593e-1bc1-32ee-8d9f-0aad4fa74ff0,
757233567,Healthcare Organization c92cc255,0,,c92cc255-6778-3307-8092-987d667be4ce,
1744609237,Healthcare Organization 00ffb204,0,,00ffb204-07b4-3c72-a678-fa252e6cf86c,
1124004338,Healthcare Organization ad82d624,0,,ad82d624-72eb-3c7d-a76d-79f2668d1390,
853457920,Healthcare Organization 70a26106,0,,70a26106-6797-39f8-83e6-6bcf212b99ad,
887821055,Healthcare Organization b8421363,0,,b8421363-9807-3b16-a146-95336eea5cfb,
1709292491,Healthcare Organization 2d578863,0,,2d578863-d945-3e48-91c8-3912d31e5078,
151658591,Healthcare Organization 24460683,0,,24460683-f514-37ef-98c1-724b2fc9aa2a,
1009718817,Healthcare Organization f964d209,0,,f964d209-adbb-3f11-80ce-5687e587363a,
660816530,Healthcare Organization e854f053,0,,e854f053-5621-31fa-afa1-29040b0d7466,
1105262332,Healthcare Organization 752c7570,0,,752c7570-1637-36cf-8b74-03ea3acfa98c,
1836308044,Healthcare Organization 1563fcb4,0,,1563fcb4-76a9-3ea4-863d-e276f38b9b3e,
19502836,Healthcare Organization b8e724d5,0,,b8e724d5-b999-3029-8a2d-ad30fbd0b9ce,
988526928,Healthcare Organization 901c2d40,0,,901c2d40-1ca3-3879-9a20-c663b8adc0a9,
2039530888,Healthcare Organization 6170552c,0,,6170552c-4d27-3e64-8068-64a380f1837d,
1882373416,Healthcare Organization e6cc6043,0,,e6cc6043-299a-3581-8f6b-b3b5d62c46ae,
708132401,Healthcare Organization b9e35b8a,0,,b9e35b8a-9831-32d8-a6dc-d7a546c126b0,
2031236874,Healthcare Organization 7a75decf,0,,7a75decf-7d3f-3b0d-8c2b-3abf0a8c7f58,
1973545054,Healthcare Organization 18df2721,0,,18df2721-3f76-3f83-94d5-63597cedd298,
1232045959,Healthcare Organization b1965e0b,0,,b1965e0b-9ef4-3e96-bad6-cb88ea7e7324,
1385126465,Healthcare Organization 38508743,0,,38508743-50d1-3429-8fe2-37e42ddaf20e,
1905158739,Healthcare Organization 2f735290,0,,2f735290-1603-31b5-b561-7c8e0d413170,
922405544,Healthcare Organization 6b2e5b97,0,,6b2e5b97-70f6-3219-8c99-86de138e6808,
1004735124,Healthcare Organization 328f813e,0,,328f813e-4de8-3ec2-a113-43f3ddfb0b2a,
165958028,Healthcare Organization 104e9a82,0,,104e9a82-1eed-365e-9ffb-a8c9ef749888,
558853430,Healthcare Organization d6600c68,0,,d6600c68-8a26-3a88-86e2-99517365c10a,
1985312526,Healthcare Organization 954e01a8,0,,954e01a8-3b27-314e-9c77-254f1ac9c917,
286216480,Healthcare Organization dd3307db,0,,dd3307db-114c-3f11-be44-a9eef6bb3fc5,
690484900,Healthcare Organization 1d87bbfa,0,,1d87bbfa-19aa-3128-adca-420ff8d5a12a,
206138662,Healthcare Organization f2068cee,0,,f2068cee-c75c-321d-9b2c-c33535db89c9,
596750171,Healthcare Organization ab7d1a51,0,,ab7d1a51-1c58-37f8-94fc-e5d55eae38c1,
1969629963,Healthcare Organization 15d4c950,0,,15d4c950-4691-3996-b4c4-bf06bfb58ff7,
792217546,Healthcare Organization 655f2a4f,0,,655f2a4f-419c-39d3-8ed6-6c4117eb7e32,
1877196451,Healthcare Organization 5018c664,0,,5018c664-e283-30eb-932a-529d9a19b3b5,
1737267104,Healthcare Organization 2e8b42f8,0,,2e8b42f8-4300-30a9-a576-d513d1021a0a,
1432608968,Healthcare Organization 0caa0116,0,,0caa0116-ef9a-3d4c-bcff-9c405a9d2bda,
2004159618,Healthcare Organization b53dc1b7,0,,b53dc1b7-43b0-3c43-a73f-304165633a59,
1497476321,Healthcare Organization 4ff8b164,0,,4ff8b164-4cf5-3ab4-b0f2-7ce8fda920e5,
1666105582,Healthcare Organization 39c15c0f,0,,39c15c0f-5c49-311e-99d2-1fb99d80e06e,
192315919,Healthcare Organization 07baae96,0,,07baae96-3d74-3c69-a845-dad7b792eb52,
1254725791,Healthcare Organization 63cb4d95,0,,63cb4d95-04a9-3a35-b5d9-f89e0377a48d,
1502220687,Healthcare Organization 13f83225,0,,13f83225-b984-345a-a353-11237d5aadfb,
1368962837,Healthcare Organization 6e290541,0,,6e290541-eba3-37fc-a3e2-e58f77e84c7e,
1259237348,Healthcare Organization 4e880cb9,0,,4e880cb9-1ca0-3582-b8cf-8a59b0d2b878,
597339370,Healthcare Organization a2a41caf,0,,a2a41caf-758f-3962-8e5f-e6e603f93d17,
2035947154,Healthcare Organization ca62a361,0,,ca62a361-9c79-32d1-92cc-ffc0d5d19679,
2002272928,Healthcare Organization 0d24cc89,0,,0d24cc89-3256-330c-b36d-d8de8babef84,
1493020935,Healthcare Organization 19a65317,0,,19a65317-5d32-355e-8f82-88933d48366d,
1569639553,Healthcare Organization ee6705d5,0,,ee6705d5-db4a-3120-bbe1-1e72972a841f,
629476907,Healthcare Organization a6fb79e7,0,,a6fb79e7-4abb-3a68-b62d-e501427fdca4,
2106780627,Healthcare Organization 5117bb89,0,,5117bb89-3a9f-3740-a0f1-c3a1a8d7851e,
434274634,Healthcare Organization 9d0e702d,0,,9d0e702d-50a0-3f4c-9126-0951d560fd4b,
745286757,Healthcare Organization c656d426,0,,c656d426-a307-372e-85f4-add29b4f178b,
2044843008,Healthcare Organization 2fa36ef4,0,,2fa36ef4-0a5b-358e-b76f-f4ada6c48e8b,
55731313,Healthcare Organization ea8d287f,0,,ea8d287f-b3a9-3800-8798-788e334ee406,
1381388719,Healthcare Organization c7542447,0,,c7542447-e06e-32cb-b6db-243c23a0dbc2,
2079564652,Healthcare Organization d9fe2c9c,0,,d9fe2c9c-135e-3da3-8de8-1a0ff165d886,
620327793,Healthcare Organization 50c47685,0,,50c47685-8125-3c50-8311-8bd7ba9e9108,
679789523,Healthcare Organization 87f3b181,0,,87f3b181-1c52-3161-a15a-ea2d9a04b35f,
1054932573,Healthcare Organization 43e22208,0,,43e22208-dae0-3196-b30b-17b3c50679c2,
1538157482,Healthcare Organization 46375470,0,,46375470-1e20-3ddc-8dc5-010ba53826b6,
1038257418,Healthcare Organization a4b91172,0,,a4b91172-69e7-3895-bd89-b9a0868de5c2,
904024772,Healthcare Organization 72f50aa0,0,,72f50aa0-d8c9-34dc-ac58-c428323f3bcd,
980662194,Healthcare Organization 9203d0d2,0,,9203d0d2-ca7d-3421-9361-974402ffb561,
1747610018,Healthcare Organization 1cd20733,0,,1cd20733-c6b9-31f9-b7c7-0c9357fcb560,
1238869988,Healthcare Organization 3fea2678,0,,3fea2678-1991-3390-b5f1-ebe38f28888b,
1258282451,Healthcare Organization ca8a919a,0,,ca8a919a-05f9-3687-bfb6-42800a70031e,
1278050794,Healthcare Organization eee00932,0,,eee00932-ca82-36bc-b7e8-e3fff6dbaeaa,
1409375164,Healthcare Organization a194e94a,0,,a194e94a-dd16-347e-95ea-8d00052c14d1,
688823801,Healthcare Organization 6f90eaad,0,,6f90eaad-abe3-3ce0-b9a6-2031c5674f0d,
1062658016,Healthcare Organization c0719377,0,,c0719377-d40a-3e9c-9f7c-af47c93b3f40,
1401086587,Healthcare Organization 1f9d5a6b,0,,1f9d5a6b-d2ea-3000-bb9d-b22c00ffbbb2,
1963920840,Healthcare Organization f087b01f,0,,f087b01f-da5c-3db6-bb6d-8a3cf3e630c5,
1411621676,Healthcare Organization 5573074b,0,,5573074b-edf7-31cd-a5f4-6e118c6f602d,
304171234,Healthcare Organization 6873525f,0,,6873525f-1680-3ceb-b536-270d44b46e2e,
1923574359,Healthcare Organization da35b999,0,,da35b999-0af8-380e-9912-cd8b3bc09f53,
1299249375,Healthcare Organization f8918a95,0,,f8918a95-31e8-3ac4-8d12-29ca6080ebda,
483689504,Healthcare Organization bce5b907,0,,bce5b907-584b-345d-bbcf-912cf56cb6c3,
162311491,Healthcare Organization 8d5880eb,0,,8d5880eb-1dd8-31ea-b7c5-21709f3bb341,
1292300636,Healthcare Organization 0ec04450,0,,0ec04450-c150-322d-b2c3-1449d672a23c,
262950650,Healthcare Organization fd650ebc,0,,fd650ebc-a642-3818-b073-692473cd31f1,
1434038638,Healthcare Organization 3ff0f58b,0,,3ff0f58b-7a1f-3334-9449-ff15f68b7d86,
983072525,Healthcare Organization 4e0ec952,0,,4e0ec952-dd08-359e-87af-b13809b955ac,
1761467317,Healthcare Organization 09434cf4,0,,09434cf4-ae0d-32ad-bc16-5ce7b0e5c12b,
2106471517,Healthcare Organization 171254da,0,,171254da-957c-304a-b3fc-51a2d3ebee43,
1465373724,Healthcare Organization 9cfdd210,0,,9cfdd210-a2ed-34d6-9381-2f5d999011ca,
916189198,Healthcare Organization 75846b1f,0,,75846b1f-d0ec-3255-9bdd-d09eb0a9dd0d,
1465383570,Healthcare Organization dd280187,0,,dd280187-8662-3732-af81-595d10572911,
14101784,Healthcare Organization a6964d47,0,,a6964d47-8af0-3df2-b99d-d8414eb1cfa3,
1026504421,Healthcare Organization dae3ee01,0,,dae3ee01-f383-366e-9ad6-dc92963064ea,
680762663,Healthcare Organization 6d947ed4,0,,6d947ed4-9b7f-3720-8141-67109691d2e7,
1395766888,Healthcare Organization 371948e4,0,,371948e4-733a-33b6-a835-68abefdeb59f,
568792369,Healthcare Organization 744bdf85,0,,744bdf85-6223-367c-b1ab-e8c8e0a5eb28,
1776788881,Healthcare Organization b7b02632,0,,b7b02632-03e1-330a-aa40-fdee22899633,
308605388,Healthcare Organization 089bceb2,0,,089bceb2-0ecb-3650-95e9-e7260248b809,
483581272,Healthcare Organization f82ff162,0,,f82ff162-c689-3682-876c-220cf96eb97b,
578364483,Healthcare Organization 9d989fcf,0,,9d989fcf-4ad9-3972-ada3-f275d967781e,
985961193,Healthcare Organization 92d919ab,0,,92d919ab-8380-3fda-a5f1-838e69b819c1,
619405949,Healthcare Organization 7a5f7ae1,0,,7a5f7ae1-8437-3f5e-b788-5c2ad57f0a0b,
1011029923,Healthcare Organization af3871c3,0,,af3871c3-2098-3051-bcb7-8a919e194a16,
560571951,Healthcare Organization 542185c1,0,,542185c1-943a-30f4-aba0-0efaa92488a4,
741639280,Healthcare Organization 0319f6d9,0,,0319f6d9-60a3-36ac-9f26-b782d7997b1c,
2099787242,Healthcare Organization a2cc09de,0,,a2cc09de-c1e2-3126-8c09-d49f95225281,
2137011842,Healthcare Organization 9f2f60a6,0,,9f2f60a6-87a4-3f45-b753-b63b5b7e9993,
2139001865,Healthcare Organization 44cb1162,0,,44cb1162-a345-3477-8723-c202a3c8cdcd,
1547560209,Healthcare Organization c5306a86,0,,c5306a86-09a1-32d9-875a-67ef56e131c0,
836705107,Healthcare Organization f341c366,0,,f341c366-8313-3790-ab26-d8d27b116ff5,
1538829751,Healthcare Organization 0d7ef8ee,0,,0d7ef8ee-4e45-3b40-9f2b-f558dce71574,
378173430,Healthcare Organization 1de1aeee,0,,1de1aeee-4088-391b-af7a-95d7cfaeaf32,
939292554,Healthcare Organization c5403c4f,0,,c5403c4f-14d5-3171-9227-a9b8327f3149,
1640750348,Healthcare Organization a730c5e6,0,,a730c5e6-a15f-3e36-8112-8579e507d330,
1852920910,Healthcare Organization 389323ef,0,,389323ef-b127-3a06-a22d-e24aef033e5d,
867465500,Healthcare Organization 82248deb,0,,82248deb-13cc-31b2-8764-0233e159a93a,
1512537797,Healthcare Organization ce4d0501,0,,ce4d0501-49eb-396a-bc56-545fdfc624b0,
759560404,Healthcare Organization e69e7cbb,0,,e69e7cbb-8362-30d1-83f2-3a0c492fe2b1,
534902810,Healthcare Organization 154cc5db,0,,154cc5db-4906-3411-8aa3-39902c6b3af2,
1840476614,Healthcare Organization afc661fd,0,,afc661fd-71d9-3fc3-adf2-3fc3b5e8a140,
1830452599,Healthcare Organization 06cc2462,0,,06cc2462-430f-3322-9c87-7e971125f510,
1050286900,Healthcare Organization 479427f6,0,,479427f6-9419-3eba-b2c2-b037b4b89493,
978198026,Healthcare Organization dd456e39,0,,dd456e39-9f82-303b-9c3f-5db0e82a437e,
1687470458,Healthcare Organization 79508e39,0,,79508e39-d0b0-3613-9d54-168f6e1c3a18,
2093465006,Healthcare Organization af570aee,0,,af570aee-a397-372c-8eba-5c2b18662b0f,
1086599256,Healthcare Organization 907b1d2f,0,,907b1d2f-2bf8-31b5-abc2-14d6b75faa96,
233117320,Healthcare Organization 922d1031,0,,922d1031-d968-39c2-b73c-d5a495c39068,
22750792,Healthcare Organization 352f2e3b,0,,352f2e3b-0708-3eb4-9f7e-e73a685bf379,
67885492,Healthcare Organization 5b142cbe,0,,5b142cbe-a07c-3f6e-9780-a563644f66e2,
1716239436,Healthcare Organization 34f7bdc0,0,,34f7bdc0-0550-333e-a53f-5e2af5a6d4ec,
837373746,Healthcare Organization e34d8448,0,,e34d8448-8b98-3f91-9fe7-faeb8a78e1db,
226453946,Healthcare Organization a2d45ee8,0,,a2d45ee8-b930-3169-b612-f602961ad212,
2061111500,Healthcare Organization 0fa1cab9,0,,0fa1cab9-83c1-3c85-b7bc-53d8b922e2f7,
2112665401,Healthcare Organization 817f4acb,0,,817f4acb-0184-3146-9ce0-87197d8f115a,
949063517,Healthcare Organization 10ffe7b1,0,,10ffe7b1-2f94-3f12-9288-679da05a1ec9,
2026489913,Healthcare Organization 4fa643ae,0,,4fa643ae-1f58-3c2e-9f33-0ba56345ad10,
1554017167,Healthcare Organization a73a3693,0,,a73a3693-57ac-367e-b29e-f0f834cbaf66,
1576430915,Healthcare Organization fdca6c7b,0,,fdca6c7b-03d4-3dbe-a0d6-73ea9d295a7a,
1150673709,Healthcare Organization e6d63525,0,,e6d63525-40f0-3391-a58a-e6a03598911f,
653215016,Healthcare Organization fb4a08b8,0,,fb4a08b8-57ee-382b-b3cb-43d94f1bb4c0,
1628908754,Healthcare Organization 2b97893e,0,,2b97893e-dc50-378b-a266-f089b8450329,
2092847809,Healthcare Organization d0894f6b,0,,d0894f6b-78d7-338d-82ad-b63de4d40014,
439643837,Healthcare Organization 310d02fb,0,,310d02fb-ba0c-3b5a-9ab3-8d7bb8e7b661,
763683133,Healthcare Organization 5d1b509e,0,,5d1b509e-a048-357f-807e-6b863006e337,
1768899851,Healthcare Organization 3d5fbf38,0,,3d5fbf38-c781-3e04-8c7e-5a402611b7d4,
840843488,Healthcare Organization d6b03647,0,,d6b03647-983f-3162-af9e-b12aea026f13,
2030999190,Healthcare Organization f202fe9c,0,,f202fe9c-c1dd-30d5-805e-6a26904dbbce,
10320032,Healthcare Organization 9ed61c49,0,,9ed61c49-1d0c-3774-b528-d75b50938fe2,
177406827,Healthcare Organization 7ac466c6,0,,7ac466c6-7968-33fd-882c-6d5418f88c8a,
1227060103,Healthcare Organization 88975fd9,0,,88975fd9-b47e-3af6-af78-c58e1ecf0d5e,
1562668161,Healthcare Organization 15c0c270,0,,15c0c270-968e-3651-8afe-e162149e5e3e,
1531319584,Healthcare Organization b5789b71,0,,b5789b71-fc8e-3b7e-9eb2-3fc577943117,
1078487579,Healthcare Organization edd58f69,0,,edd58f69-ad5f-346b-b1f9-530ccdc895f6,
1679202301,Healthcare Organization b3f4de6b,0,,b3f4de6b-901d-3856-ba81-35dc48a63d17,
1810187947,Healthcare Organization 4ba48ef6,0,,4ba48ef6-19f2-3177-bfaf-096daaebf26a,
2078724409,Healthcare Organization d087a353,0,,d087a353-12da-3785-b121-fb1291f8a721,
2116658609,Healthcare Organization 8ce066ae,0,,8ce066ae-10ad-3679-9272-387e8cb21947,
186878445,Healthcare Organization 936ceb96,0,,936ceb96-2b12-371f-aa68-ee02a9c06f4c,
1226318544,Healthcare Organization 2cea5ce8,0,,2cea5ce8-beca-3593-ad2d-07b6f273a9d2,
402418620,Healthcare Organization dfcd78f1,0,,dfcd78f1-f67e-321d-84e3-f658c482c474,
1762653498,Healthcare Organization 5818ce99,0,,5818ce99-2a75-34ef-9cc7-e6cbf3b93ddb,
1845830130,Healthcare Organization cabc0f0d,0,,cabc0f0d-dcca-34a2-bc6b-519ed1cc7f74,
2107318585,Healthcare Organization d94fe085,0,,d94fe085-4c7b-36c9-a255-3f700d402d36,
1020766183,Healthcare Organization f3740f1e,0,,f3740f1e-3176-3f58-ba4a-f95d8f5b9263,
1489385079,Healthcare Organization f1c6e386,0,,f1c6e386-ed52-3f97-a2b0-4e21ad2d0966,
25119139,Healthcare Organization 7b20d1c4,0,,7b20d1c4-c56b-3647-801c-5e4e13679073,
1099858322,Healthcare Organization e982819a,0,,e982819a-87b3-3124-a0f2-85f8afcc7731,
1076664401,Healthcare Organization d5920b72,0,,d5920b72-ac1a-3ec4-81ca-e3b75cb7aadd,
454359498,Healthcare Organization 71d9e7fe,0,,71d9e7fe-5a34-3f11-8edb-f79c482785fe,
883478849,Healthcare Organization 4f59f709,0,,4f59f709-8b84-3d27-a04b-c6b7b5544413,
742369019,Healthcare Organization c4e5b33c,0,,c4e5b33c-17b8-3f51-a8ba-a327d54e642a,
431218697,Healthcare Organization 5225cc87,0,,5225cc87-6a30-303c-a882-5f001cee7f0e,
295411176,Healthcare Organization c25911bc,0,,c25911bc-3240-358a-86ce-5f45bb8f0c53,
1916962630,Healthcare Organization f4e522df,0,,f4e522df-a006-344d-9574-15bc985f5bb4,
1417921675,Healthcare Organization a079d416,0,,a079d416-e8fe-3286-8ef3-6d289d7b5ad9,
2111957859,Healthcare Organization 79d49935,0,,79d49935-bcc0-36ca-920b-45365c367438,
376901002,Healthcare Organization 680532c8,0,,680532c8-2661-3b39-875a-b6ec0746ccf5,
1449580688,Healthcare Organization cc400ddc,0,,cc400ddc-c38d-3604-8d89-cea21555719f,
1025554994,Healthcare Organization 51370692,0,,51370692-6296-3150-8672-559fc73f964f,
699442937,Healthcare Organization 10dcd91e,0,,10dcd91e-6eda-385b-bafb-d5e1ae92dc34,
1307060205,Healthcare Organization cdc87240,0,,cdc87240-38e9-36f8-959b-706642e01e11,
1791913643,Healthcare Organization c6b019eb,0,,c6b019eb-28ec-36f6-abf3-bcc4d1d58966,
1936096950,Healthcare Organization b5b380d2,0,,b5b380d2-df21-3389-abf0-08551c7e1f2d,
1831936047,Healthcare Organization 31e00f85,0,,31e00f85-6909-3d9f-afc6-5ae507ab0c06,
1270627318,Healthcare Organization dd8f40be,0,,dd8f40be-2c90-347a-abf6-c07a5ad4148f,
523388854,Healthcare Organization 06376cbe,0,,06376cbe-4880-384b-b459-7ce3eef36ced,
1188275075,Healthcare Organization b3312a2d,0,,b3312a2d-37e9-35a8-b50d-6c165c437baa,
1995346471,Healthcare Organization b6717471,0,,b6717471-7f78-32c4-b1c5-e3a6310553d7,
1010378229,Healthcare Organization 2836d9ac,0,,2836d9ac-c6a6-39d1-8f13-fdf0fc8928f4,
186821087,Healthcare Organization a2f8d8fe,0,,a2f8d8fe-665e-390f-8b9b-efdc0b14a77c,
789964555,Healthcare Organization 82c72223,0,,82c72223-f521-3a34-9b9b-4ff366365399,
1864135375,Healthcare Organization 01516bed,0,,01516bed-cf23-30da-ad4f-967d65529743,
1519175414,Healthcare Organization 15e26ce3,0,,15e26ce3-9006-3ce2-9327-493180a15ec1,
989968296,Healthcare Organization b5e6f1bd,0,,b5e6f1bd-c744-3556-9775-5ff8399eea33,
1140265123,Healthcare Organization f22bc2ac,0,,f22bc2ac-f8bd-3f9f-9a40-93db37639d3f,
438197371,Healthcare Organization 719db77c,0,,719db77c-034f-3079-9b12-0d2ec2efeef9,
1959536994,Healthcare Organization 83579123,0,,83579123-f29c-39b8-9f5f-8f79e91683c7,
1027915827,Healthcare Organization 94f6a3ae,0,,94f6a3ae-7d8d-3cbc-a788-e400732da7e5,
521590687,Healthcare Organization 4bde4cbc,0,,4bde4cbc-55f7-3501-90eb-2c88178c7be1,
47593580,Healthcare Organization e2eab39c,0,,e2eab39c-5195-34aa-b35f-e89e37cfed01,
229590317,Healthcare Organization 21989e2e,0,,21989e2e-249c-3b79-acf0-240211e16b4b,
384059804,Healthcare Organization b411fd60,0,,b411fd60-9bd5-30f1-99b4-c24a409964a1,
670762829,Healthcare Organization 3f75cc55,0,,3f75cc55-b046-3d03-b4ff-ec338624ce10,
1903642837,Healthcare Organization 73158a24,0,,73158a24-c079-3fb1-800a-2d7e26d9c566,
67300882,Healthcare Organization 7e4a295e,0,,7e4a295e-51a9-3064-8f00-b10e1eec7f38,
879430605,Healthcare Organization 68503514,0,,68503514-203a-3202-ac09-ea411c96caec,
1773920672,Healthcare Organization f52777bd,0,,f52777bd-7313-3b27-8dd5-cd3f87bd3275,
9002110,Healthcare Organization df3f566c,0,,df3f566c-97e5-31ed-b0fe-4b452666f736,
517839236,Healthcare Organization 4705a8fd,0,,4705a8fd-19cd-32c1-8b3e-34bcfe84d0bd,
161225187,Healthcare Organization f5ccbb53,0,,f5ccbb53-e4a0-32e5-a693-02150497a8f4,
725731301,Healthcare Organization 497f39dd,0,,497f39dd-280e-3d58-af5b-c5e3a3a09b10,
218351892,Healthcare Organization 6618f4ef,0,,6618f4ef-656a-347f-b61e-ed4d6c21763a,
1302616949,Healthcare Organization 83445caa,0,,83445caa-116b-3a1e-a75e-8104d321c4c3,
998259667,Healthcare Organization 390a2aa4,0,,390a2aa4-70b4-3a64-a12f-9bd777834c8d,
31393538,Healthcare Organization c5d5a544,0,,c5d5a544-0277-342f-8422-d30848a82438,
383278507,Healthcare Organization c2e93fb4,0,,c2e93fb4-abf2-3210-b6ec-4d1ecb2b76f0,
1374740188,Healthcare Organization ec509895,0,,ec509895-6196-36d1-b91e-272bed7e6196,
2029629987,Healthcare Organization aebbaa5c,0,,aebbaa5c-2d54-3002-8042-83f6513ccbd2,
2054800514,Healthcare Organization 41e2a44c,0,,41e2a44c-477c-3511-96f9-12c476aa3b6a,
910727146,Healthcare Organization f00601d0,0,,f00601d0-d49e-30ed-bc3e-314379f2103e,
1843032539,Healthcare Organization 6df069d9,0,,6df069d9-5273-32df-bee8-b6a5a20c2ece,
1785137833,Healthcare Organization 5b0cd0a0,0,,5b0cd0a0-f277-3a66-bee6-d64b5be4a3f5,
1178934015,Healthcare Organization c8c30d67,0,,c8c30d67-e7cc-30ab-972d-28e97aff18a7,
776342218,Healthcare Organization 79a06fd6,0,,79a06fd6-9f2b-35e3-9b11-0bc5ff89e17c,
2126248249,Healthcare Organization 0a42bb03,0,,0a42bb03-b1a7-347d-82f3-4ba02080e55c,
661505989,Healthcare Organization d2ff60c8,0,,d2ff60c8-34c8-359e-a9c5-e4f3da28b330,
1153770005,Healthcare Organization f5b88e0f,0,,f5b88e0f-3f0a-3400-b56f-26247e2a35ac,
655301867,Healthcare Organization b44955d1,0,,b44955d1-f0e2-3beb-a013-708a81dbe430,
1053423003,Healthcare Organization 60e897f9,0,,60e897f9-7491-3610-81e5-d44b3d36b8c4,
1008235526,Healthcare Organization 55938b80,0,,55938b80-634f-3332-b0e5-ee3dbe66f549,
1854082665,Healthcare Organization ad2dab07,0,,ad2dab07-4f85-3950-baaa-7c7cd2aa770c,
1599575108,Healthcare Organization 18b1bb7e,0,,18b1bb7e-2f93-3253-a7ae-d19c13ffeaa1,
575126254,Healthcare Organization 67d2f85b,0,,67d2f85b-ddc7-3ed0-b90b-6fa5b7b8358a,
641072076,Healthcare Organization 78eb7e47,0,,78eb7e47-26d6-37d4-8e01-5eabfc9d068f,
1130283780,Healthcare Organization 1d45436f,0,,1d45436f-15a9-326e-a452-2e9ffc9fc5e5,
106486354,Healthcare Organization 0d9b0d22,0,,0d9b0d22-585e-3fd8-ab02-26b5be7915d1,
1876165723,Healthcare Organization 0d1570ab,0,,0d1570ab-371c-3898-9397-95905d8c5166,
48564075,Healthcare Organization 4b7e26e6,0,,4b7e26e6-e5b1-38c9-b4ac-fde9a0f93177,
2025788462,Healthcare Organization 94dda4e1,0,,94dda4e1-7476-367a-b1f8-37ea7f61a1b7,
1012945501,Healthcare Organization 01bb7b5c,0,,01bb7b5c-f850-3c4e-a3f1-442d8273559a,
52912388,Healthcare Organization c0a33465,0,,c0a33465-d309-3d2a-932e-9d554a7cc19c,
1635600742,Healthcare Organization 94c70730,0,,94c70730-f430-3878-972c-d06d65cfce1d,
574631562,Healthcare Organization 0583e4f7,0,,0583e4f7-f1c2-3100-8e0c-d0decc7ef261,
443816900,Healthcare Organization ce81052f,0,,ce81052f-7c77-3cd7-8c30-930339a79ceb,
666021161,Healthcare Organization 689f8809,0,,689f8809-c101-38db-b3c9-580b4c37f268,
156786265,Healthcare Organization 6450f09c,0,,6450f09c-28fc-3815-abfb-62056b72e508,
210349366,Healthcare Organization 80646050,0,,80646050-1c76-3046-bbc8-fd5f0b7c34e6,
168593531,Healthcare Organization 0a689d33,0,,0a689d33-2b0d-3942-8de8-e28812e91c69,
2134249331,Healthcare Organization 6e517750,0,,6e517750-a29e-3170-a02b-5733ff523458,
995072754,Healthcare Organization 1b3fe590,0,,1b3fe590-8793-3f08-865d-01fc425a84d4,
1802174057,Healthcare Organization 0be0e035,0,,0be0e035-8dad-387e-bbdd-a5a469c4311f,
260533680,Healthcare Organization 3f12ebb4,0,,3f12ebb4-e03c-3453-88d2-4fc9682383df,
413214999,Healthcare Organization a9fc7aa5,0,,a9fc7aa5-d3b3-314d-9cf7-af29051d3dd9,
1757371498,Healthcare Organization 02f1998b,0,,02f1998b-3ff7-385f-89ce-642d33b01d5c,
1008053310,Healthcare Organization 9fdce5d5,0,,9fdce5d5-d4d0-3156-a8d5-8757bfe4e9b3,
1291008200,Healthcare Organization a35fd733,0,,a35fd733-dc1a-33f0-a308-292ff5581287,
482430734,Healthcare Organization b014aec7,0,,b014aec7-7bd8-351f-8808-3e280cbc5be6,
1097404438,Healthcare Organization f1664435,0,,f1664435-2eca-3eff-bd1a-13701e7ad1bd,
291607890,Healthcare Organization 125eccb3,0,,125eccb3-d003-34ea-9bd8-360dff059782,
1090436009,Healthcare Organization fc90e623,0,,fc90e623-9edb-30a7-9040-29968f8ebaa8,
1279915330,Healthcare Organization c5742266,0,,c5742266-625d-3824-9ed3-4b5c6bc3e296,
1656250350,Healthcare Organization b242f971,0,,b242f971-3c74-3778-b148-81366c1e6a3f,
1846677793,Healthcare Organization a8a4e435,0,,a8a4e435-687f-3ecb-9af8-09b4636d1a1a,
1371068040,Healthcare Organization e5b9db6a,0,,e5b9db6a-8dd8-3622-b9ce-3dc593e111d1,
683822161,Healthcare Organization 36c8b677,0,,36c8b677-a6ce-3266-b71e-ed86d778d0fa,
23223864,Healthcare Organization e92dad8b,0,,e92dad8b-f485-315a-8fc4-1d7adfdc9c00,
1736206406,Healthcare Organization 6929d249,0,,6929d249-cc27-33aa-a871-b6f26059615d,
595614612,Healthcare Organization a1a024f0,0,,a1a024f0-95e2-3db4-a771-e2f17c5da162,
1087366471,Healthcare Organization aad05540,0,,aad05540-c9cb-3805-b3c4-f9b9d9b42b2e,
1586766792,Healthcare Organization ce3b504c,0,,ce3b504c-f15c-3bcf-ba6e-dcb551cc7d7f,
393808251,Healthcare Organization eea92149,0,,eea92149-820f-301f-911e-b170e8312842,
714813778,Healthcare Organization 19a3afba,0,,19a3afba-b409-3650-a0ab-f3faf6e391ef,
1111434497,Healthcare Organization 0e9d0119,0,,0e9d0119-1157-35a0-8bb5-7e0aa3041928,
128049208,Healthcare Organization 83a08dcf,0,,83a08dcf-7ed6-3d2e-afc0-a72c05d2563c,
670576938,Healthcare Organization 25c85bcc,0,,25c85bcc-7e25-36bc-89e8-08e0d473db23,
876503055,Healthcare Organization b90ee64e,0,,b90ee64e-4559-32db-97d7-0341740a71f1,
189355562,Healthcare Organization 671a8184,0,,671a8184-bf6f-3ec2-b307-3ff70e604912,
2131402279,Healthcare Organization c9aabcbd,0,,c9aabcbd-d4e0-391f-8980-d0be6934ea82,
1127998458,Healthcare Organization c4ac39af,0,,c4ac39af-31c3-3e1b-bd95-faa239bce600,
1555454703,Healthcare Organization 6ff4bb75,0,,6ff4bb75-c014-3f73-a574-620cf1538d85,
1547234838,Healthcare Organization d6c165ec,0,,d6c165ec-d9ca-35a5-9bc8-2061cbfb83a2,
1228205477,Healthcare Organization cbebae9e,0,,cbebae9e-f95e-3d2c-9712-289ea8d6aeec,
909633201,Healthcare Organization 1cec4304,0,,1cec4304-9757-3a10-ad4f-7e2090c56131,
227198286,Healthcare Organization 5862e05c,0,,5862e05c-9533-3f7a-8f73-215d50f5ee2f,
1940779820,Healthcare Organization 26d8e700,0,,26d8e700-7d84-3b34-bfad-274b535ec244,
592728682,Healthcare Organization a8f1424c,0,,a8f1424c-00bc-3403-8db5-cd600978f3a4,
1112811725,Healthcare Organization 411f14a5,0,,411f14a5-de79-3e08-81d6-301270cc2275,
266226742,Healthcare Organization 471f7ca2,0,,471f7ca2-38f8-3080-8109-187c73ec0b1f,
284131129,Healthcare Organization a5577e5c,0,,a5577e5c-b886-37a0-8eee-8ff6feb7ea6b,
570769861,Healthcare Organization 20df65a4,0,,20df65a4-7567-3066-b680-0f71b0c31d38,
1314008471,Healthcare Organization 5581e43d,0,,5581e43d-0463-3a0b-afc7-a60aea5ac96c,
1021006640,Healthcare Organization ff8a25dd,0,,ff8a25dd-fd83-30fc-a1ee-66455ec0dd82,
61903950,Healthcare Organization 6ea4d3d6,0,,6ea4d3d6-d820-387a-a3d1-ed5944ad47a2,
1052960591,Healthcare Organization 9b8a7a25,0,,9b8a7a25-b923-3710-9f3c-d42919a3f54f,
63661035,Healthcare Organization 62b55e5b,0,,62b55e5b-b58f-354d-8f2d-f2a330bc619e,
884998307,Healthcare Organization 966245ce,0,,966245ce-e84d-36b0-a838-2e0b5bb2e668,
1877069722,Healthcare Organization 58d6127e,0,,58d6127e-ee48-37c3-9f2d-dcd3c050fb25,
133188700,Healthcare Organization b9a91cbd,0,,b9a91cbd-3263-31d9-9cff-55873cf8b2e2,
1042315182,Healthcare Organization b574fc4f,0,,b574fc4f-313c-38a4-9baf-7e12e431a499,
1098468106,Healthcare Organization 9dbd44ba,0,,9dbd44ba-59b2-3d1d-ac91-3880af8081d2,
2143074946,Healthcare Organization 2bde75a8,0,,2bde75a8-708f-3930-8d57-100ab365d413,
1903058889,Healthcare Organization b7866c75,0,,b7866c75-5e56-36b0-b9c5-c63051677b69,
1457187319,Healthcare Organization b5e54a54,0,,b5e54a54-ad38-39f3-a5d4-6e73e5d76d2d,
1204617118,Healthcare Organization 9656a864,0,,9656a864-3b93-356f-9fa6-d7988e249977,
962101998,Healthcare Organization 4eddfa13,0,,4eddfa13-f996-3048-9bbc-541b0a29038a,
354261038,Healthcare Organization 845fbd9b,0,,845fbd9b-2d1c-39a8-8261-28ae40e4fab2,
2034015005,Healthcare Organization bac9dc0c,0,,bac9dc0c-cb0f-3fa6-aa12-819dd0fb922a,
1261032650,Healthcare Organization 84d5768f,0,,84d5768f-3a21-3da9-aad2-bbf7a3ae2700,
1221800481,Healthcare Organization 2576629d,0,,2576629d-4a1a-3a63-8c08-779cbd8ef98b,
786839942,Healthcare Organization 37e9314c,0,,37e9314c-6d3f-3aae-8f0a-8139f6a3034c,
1008325,Healthcare Organization af8566eb,0,,af8566eb-8918-3ec7-ba44-92b6a2cf8097,
1580242659,Healthcare Organization d1d4d104,0,,d1d4d104-68cb-356b-9086-888de7d2826f,
1158967098,Healthcare Organization 4f5e8f16,0,,4f5e8f16-a31b-3071-8556-d7188ede313d,
840070805,Healthcare Organization 69cb2157,0,,69cb2157-b620-3c51-9c94-f516462d2d55,
826206699,Healthcare Organization 218e58e4,0,,218e58e4-9642-3ebd-9b39-34d15f22c620,
1920382916,Healthcare Organization 9a20d707,0,,9a20d707-68e4-32c0-b2b2-2f5d5c2012cd,
1082217409,Healthcare Organization f90ef475,0,,f90ef475-defe-363d-a926-573b38f804a2,
1734996562,Healthcare Organization 071a898d,0,,071a898d-3535-39fd-bf61-d33301aacd04,
915031677,Healthcare Organization b4ca31a9,0,,b4ca31a9-9d34-3ea1-93c4-443941622304,
1169266501,Healthcare Organization 45db4ed7,0,,45db4ed7-a93e-3946-9c31-b567ca373de6,
318250207,Healthcare Organization 63b93742,0,,63b93742-6c13-3309-92b6-f7c858e9f320,
1126403477,Healthcare Organization 05fcf001,0,,05fcf001-ab24-3d7d-85f7-f64942d82738,
1144998,Healthcare Organization 8789c07e,0,,8789c07e-d15d-378d-ba2b-d2b49ebb6db4,
1338125493,Healthcare Organization e87cda4c,0,,e87cda4c-1ad8-3a9e-b55f-7bfe987610ce,
391401026,Healthcare Organization e7b77e8f,0,,e7b77e8f-b607-3273-aef9-ad1bca48813f,
1630647351,Healthcare Organization 05cd3fbb,0,,05cd3fbb-08ce-38bf-b680-721a3e902d43,
1899462146,Healthcare Organization 0e3a24c3,0,,0e3a24c3-b772-3059-b3fd-8a4710068a82,
1116093273,Healthcare Organization 28d71598,0,,28d71598-85eb-3a0e-90c1-22e0be1af57c,
331854931,Healthcare Organization d24e558b,0,,d24e558b-6659-3c62-bfa7-938aa245c8a8,
20763223,Healthcare Organization e5d50afe,0,,e5d50afe-8c7d-35f5-96f5-fb8941403b0f,
708582252,Healthcare Organization 4a2eeae3,0,,4a2eeae3-1d8f-3933-b177-f8b74b103338,
1938705969,Healthcare Organization 9adfae03,0,,9adfae03-673d-365d-9052-f705098fa3e4,
85533430,Healthcare Organization 48a07866,0,,48a07866-e8d7-3268-aa3c-ca3237c8e6f3,
34861289,Healthcare Organization 9f85a8c8,0,,9f85a8c8-007c-3490-a7b7-4a0324c13307,
1941635650,Healthcare Organization 89171335,0,,89171335-b9c0-3326-98d6-a837d432b9fd,
1286803387,Healthcare Organization 7cd7fc5c,0,,7cd7fc5c-3fa7-3b6e-b3c9-0dbaec2a3470,
373181069,Healthcare Organization c1a85a41,0,,c1a85a41-6758-3edc-95ec-238b8ac72a40,
135631054,Healthcare Organization 1484fc69,0,,1484fc69-2eb0-3bba-8656-d5ead4973895,
1032026534,Healthcare Organization 217cb6f6,0,,217cb6f6-e822-3831-9d9d-ffa104971042,
525495130,Healthcare Organization 4e56c7ec,0,,4e56c7ec-99e5-3023-8e4f-95ad18a03f06,
1094535041,Healthcare Organization e2a8b444,0,,e2a8b444-9b8f-36ff-84c4-05ee98589482,
916614671,Healthcare Organization 05f80ed8,0,,05f80ed8-6a7a-3728-8b5c-c5c995c8244a,
983779363,Healthcare Organization e0cc7e8e,0,,e0cc7e8e-e1a4-3a02-b589-0a35741d39fe,
1053994113,Healthcare Organization 43f37d29,0,,43f37d29-0bcb-3d84-b9c0-9ee4f2485ff2,
965294123,Healthcare Organization db60692f,0,,db60692f-cbef-315b-9fce-38a7f015c482,
1350348957,Healthcare Organization 9ba25035,0,,9ba25035-53e5-344b-9b9e-94331a58d1d4,
530819446,Healthcare Organization 0a2252ba,0,,0a2252ba-33de-322f-8f0a-e5b0141f1780,
1661715981,Healthcare Organization f3a64526,0,,f3a64526-e8aa-36bb-ac9a-4a6b9fd7d0f6,
2133171820,Healthcare Organization 2fc3d86d,0,,2fc3d86d-4194-3ad1-bb8a-99d5d34119a1,
1493500037,Healthcare Organization e1892a2c,0,,e1892a2c-6dca-3c4c-93b7-0e00a9eb8b61,
374221812,Healthcare Organization 67cade01,0,,67cade01-dcfe-37b7-8e2c-b712d9e6fbba,
1149531380,Healthcare Organization 11a40a26,0,,11a40a26-a5a3-331d-aef0-d06dd90e2b4e,
1333653118,Healthcare Organization 9f368e75,0,,9f368e75-397f-3d77-a317-9a005512a4e2,
1708744828,Healthcare Organization 0dfa7ab2,0,,0dfa7ab2-4acc-360c-ab55-beb8e38a8c1d,
570627495,Healthcare Organization 01222fd8,0,,01222fd8-89bf-3d48-a0ed-95f572bb622c,
1670870018,Healthcare Organization 19f958ef,0,,19f958ef-57cf-33c1-b068-14b32a980813,
628928487,Healthcare Organization da2e8443,0,,da2e8443-a0d6-3e87-b651-e2697615f4b5,
1188061886,Healthcare Organization 035b7574,0,,035b7574-2fec-3922-8b57-2388164422e6,
1517324269,Healthcare Organization 486bf543,0,,486bf543-9696-3d51-aa70-28a3044ce490,
1295714685,Healthcare Organization ebdc1c70,0,,ebdc1c70-475d-3e06-9d1c-7b6a007ae9a6,
1259639187,Healthcare Organization 91808f17,0,,91808f17-7583-32a3-aa55-23b131b327c7,
381917908,Healthcare Organization 587f07bd,0,,587f07bd-7d69-3291-9aea-abef74f30045,
2135606308,Healthcare Organization 76baa51d,0,,76baa51d-0d0f-359d-a07b-7b999a43d42e,
164692127,Healthcare Organization 53f086de,0,,53f086de-2fc7-3d35-92c2-aca4ed944e7f,
829697497,Healthcare Organization 5c9dea98,0,,5c9dea98-c535-36fe-8a7b-778b991a7b2c,
1882463890,Healthcare Organization b636c344,0,,b636c344-0fda-3eea-96cf-1190f8d1d8fc,
962952680,Healthcare Organization c709c5eb,0,,c709c5eb-ddd7-3778-84f7-0931a4d1c718,
1139138481,Healthcare Organization 8d81bd8c,0,,8d81bd8c-ad6c-37f7-95c9-75fd3de24e86,
674722291,Healthcare Organization c0cc8f8d,0,,c0cc8f8d-a479-3f83-9e1f-1fd556b944ef,
318214347,Healthcare Organization 0e061004,0,,0e061004-bcc0-3e99-a237-d700823e817b,
1980216475,Healthcare Organization d70d47dc,0,,d70d47dc-b40c-3a04-8342-35cbfe716409,
325954605,Healthcare Organization 047f6113,0,,047f6113-bd42-353b-8368-cf2352868915,
1129518188,Healthcare Organization c67ca7ed,0,,c67ca7ed-4769-3b6c-a0a9-993f1227ff10,
1755868096,Healthcare Organization 612fb151,0,,612fb151-095d-3d11-942b-5907216f4dbb,
1652153337,Healthcare Organization ba07b31b,0,,ba07b31b-bf14-39b8-be95-4c5ca5062daa,
1898596525,Healthcare Organization 6aae7a31,0,,6aae7a31-90df-3455-ad8d-81f8cf2d21e8,
230875744,Healthcare Organization 14036728,0,,14036728-b721-3e4b-8755-8ee8ab6ed15e,
1667825875,Healthcare Organization 104079d4,0,,104079d4-560e-3eb8-9a48-d495835a3997,
